[
  {
    "购买课程": "人工智能训练师-数据智能应用",
    "购买用户": "猪猪侠",
    "手机号": 15521397691,
    "购买时间": "2025-03-22 20:15:00"
  },
  {
    "购买课程": "21小时学会Python基础语法",
    "购买用户": "陈雄峰",
    "手机号": "15677720125",
    "购买时间": "2025-03-22 20:22:48"
  },
  {
    "购买课程": "体验课",
    "购买用户": "广州图灵AI产品中心",
    "手机号": "13800000000",
    "购买时间": "2025-03-22 21:01:09",
    "订单号": "1784917426480568330"
  },
  {
    "购买课程": "PPT智能制作",
    "购买用户": "猪猪侠051",
    "手机号": "15688888888",
    "购买时间": "2025-03-22 21:09:29",
    "订单号": "1784917426489386449"
  },
  {
    "购买课程": "AI矿程",
    "购买用户": "王大锤",
    "手机号": "15677720124",
    "购买时间": "2025-03-26 01:10:25"
  },
  {
    "购买课程": "AI创新思维启蒙：社会实践专题",
    "购买用户": "陈雄峰378",
    "手机号": "17671451457",
    "购买时间": "2025-03-26 14:36:02"
  },
  {
    "购买课程": "AI创新思维启蒙：社会实践专题",
    "购买用户": "小蔡",
    "手机号": "17322272017",
    "购买时间": "2025-03-26 16:20:10"
  },
  {
    "购买课程": "AI创新思维启蒙：社会实践专题",
    "购买用户": "陈老师",
    "手机号": "13680407615",
    "购买时间": "2025-03-27 16:05:26"
  },
  {
    "购买课程": "AI创新思维启蒙：社会实践专题",
    "购买用户": "蔡辉龙",
    "手机号": "13928851978",
    "购买时间": "2025-03-27 16:09:04"
  }
]